RunningID,Code,Number ID,CC,Country,Location, Coll. Date ,Year,Month,Day,Lat (° N),Lon (° E),Alt (m),Season,n,Coll. name,In(2L)t,In(3R)C,In(3R)Payne,In(3R)Mo,In(3L)P,In(2R)NS,PC1,PC2,PC3,Cluster,2L_cov,2R_cov,3L_cov,3R_cov,4_cov,X_cov
1,AT_Mau_14_01,1,AT,Austria,Mauternbach,2014/07/20,2014,7,20,48.375,15.56,320,S,80,Andrea J. Betancourt,0.194219653,0.007921913,0.067708333,0.033119255,0.023381295,0.050675676,-0.0292547,-0.00320831,-0.00924092,3,52.2,52.6,52.2,52.8,46.6,25.2
2,AT_Mau_14_02,2,AT,Austria,Mauternbach,2014/10/19,2014,10,19,48.375,15.56,320,F,80,Andrea J.Betancourt,0.176008969,0.013052744,0.044093178,0.025841053,0.039882554,0.059876724,-0.0283885,-0.00401036,-0.0151316,3,54.7,55.4,54.5,55.7,46.6,26.1
3,TR_Yes_14_03,3,TR,Turkey,Yesiloz,2014/08/31,2014,8,31,40.231444,32.260328,704,S,80,Banu Sebnem Onder,0.147874307,0.029645542,0.085714286,0.012856569,0.036561649,0.047038328,0.0147521,0.00250122,-0.104062,4,35.2,35.0,35.0,35.3,33.2,16.9
4,TR_Yes_14_04,4,TR,Turkey,Yesiloz,2014/10/23,2014,10,23,40.231444,32.260328,704,F,80,Banu Sebnem Onder,0.144859813,0.032446897,0.137730359,0.016182698,0.029978587,0.012987013,0.0229672,0.00373229,-0.122565,4,43.6,44.8,43.5,44.8,34.3,20.9
5,FR_Vil_14_05,5,FR,France,Viltain,2014/08/18,2014,8,18,48.7543324,2.1584108,154.4,S,80,Catherine Montchamp-Moreau,0.138429752,0.050879696,0.035186488,0.034584013,0.050713502,0.047581493,0.0703652,0.099448,0.0619238,1,62.4,63.7,62.3,64.1,49.6,30.0
6,FR_Vil_14_07,7,FR,France,Viltain,2014/10/27,2014,10,27,48.7543324,2.1584108,154.4,F,80,Catherine Montchamp-Moreau,0.071085495,0.013874315,0.08931083,0.018702988,0.04900297,0.013977128,0.0718329,0.110621,0.0836678,1,63.4,63.3,63.0,63.7,56.2,30.6
7,FR_Got_14_08,8,FR,France,Gotheron,2014/07/08,2014,7,8,44.976813,4.930005,178,S,80,Cristina Vieira,0.040522876,0.046745515,0.008832188,0.02019771,0.025440313,0.002277106,0.0633208,0.12758,0.074778,1,94.1,94.5,93.8,95.0,80.2,45.6
8,UK_She_14_09,9,UK,United Kingdom,Sheffield,2014/08/25,2014,8,25,53.39052,-1.520599,95.1,S,80,Damiano Porcelli,0.151146132,0.00640041,0.029977376,0.00349596,0.001540832,0.002952574,0.0809317,0.0220827,-0.0386215,4,86.3,86.3,85.8,86.7,74.2,41.7
9,UK_Sou_14_10,10,UK,United Kingdom,South Queensferry,2014/07/14,2014,7,14,55.972871,-3.351475,71.4,S,80,Darren Obbard,0.102137767,0.008065721,0.002824859,0.018467583,0.004591837,0.013529765,0.0754526,0.0215606,-0.0110713,1,50.9,50.6,50.8,50.7,47.8,24.8
10,CY_Nic_14_11,11,CY,Cyprus,Nicosia,2014/08/10,2014,8,10,35.066461,33.322646,264,S,80,Eliza Argyridou,0.323964497,0.121627373,0.149127446,0.01203865,0.144122765,0.001141987,0.0635245,-0.0377621,-0.146851,4,87.9,91.0,88.0,90.5,72.5,42.1
11,UK_Mar_14_12,12,UK,United Kingdom,Market Harborough,2014/10/20,2014,10,20,52.475769,-0.921517,80,F,80,Eran Tauber,0.017768301,0.010577915,0.03890411,0.008874393,0.022984887,0.020035461,0.0731397,0.0453395,0.00937786,1,90.5,91.5,90.5,91.2,81.2,44.7
12,UK_Lut_14_13,13,UK,United Kingdom,Lutterworth,2014/10/20,2014,10,20,52.433592,-1.102667,137,F,80,Eran Tauber,0.07589658,0.015945805,0.026666667,0.032061351,0.025664697,0.01928494,0.0736028,0.0379966,0.00273313,1,74.1,75.3,74.1,75.1,65.9,35.6
13,DE_Bro_14_14,14,DE,Germany,Broggingen,2014/06/26,2014,6,26,48.218024,7.819513,203.3,S,80,Fabian Staubach,0.201112878,0.028741769,0.081718177,0.034423828,0.014661355,0.04225074,0.0602892,0.0355684,-0.00556726,1,85.4,88.6,85.2,88.3,67.0,40.8
14,DE_Bro_14_15,15,DE,Germany,Broggingen,2014/10/15,2014,10,15,48.218024,7.819513,203.3,F,80,Fabian Staubach,0.093048128,0.02303985,0.052192067,0.021256142,0.012975779,0.051111679,0.045809,0.0491981,0.00861289,1,64.6,66.5,64.7,66.5,51.5,31.1
15,UA_Yal_14_16,16,UA,Ukraine,Yalta,2014/06/20,2014,6,20,44.5015,34.16611944,47.3,S,80,Iryna Kozeretska,0.164081633,0.006552419,0.097283639,0.014167031,0.009158154,0.035243243,-0.0760691,0.00776082,0.0349057,3,78.3,78.3,78.1,78.4,71.4,37.8
16,UA_Yal_14_18,18,UA,Ukraine,Yalta,2014/08/27,2014,8,27,44.5015,34.16611944,47.3,S,80,Iryna Kozeretska,0.17208413,0.028184521,0.062792251,0.017593588,0.027652481,0.027394053,-0.0773476,0.00633487,0.0295695,3,70.7,72.5,70.9,72.1,60.7,34.2
17,UA_Ode_14_19,19,UA,Ukraine,Odesa,2014/07/03,2014,7,3,46.44155556,30.77169444,11.1,S,80,Iryna Kozeretska,0.103271984,0.014824798,0.052321297,0.023564065,0.011022261,0.102517986,-0.0980662,-0.0169746,0.0485737,3,64.4,66.0,64.5,65.9,54.2,31.0
18,UA_Ode_14_20,20,UA,Ukraine,Odesa,2014/07/22,2014,7,22,46.44155556,30.77169444,11.1,S,80,Iryna Kozeretska,0.189586115,0.039575149,0.024747938,0.030076175,0.023867643,0.105018278,-0.105821,-0.0201383,0.0617798,3,52.3,54.4,52.4,54.2,41.3,25.0
19,UA_Ode_14_21,21,UA,Ukraine,Odesa,2014/08/29,2014,8,29,46.44155556,30.77169444,11.1,S,80,Iryna Kozeretska,0.18547486,0.047735952,0.052588997,0.049414664,0.078552081,0.092037542,-0.0999487,-0.0107092,0.0550205,3,55.7,56.9,55.6,57.0,47.2,26.7
20,UA_Ode_14_22,22,UA,Ukraine,Odesa,2014/10/10,2014,10,10,46.44155556,30.77169444,11.1,F,80,Iryna Kozeretska,0.348314607,0.036449864,0.039020658,0.022446008,0.076529369,0.137231854,-0.0821759,-0.0405022,0.0337232,3,58.2,59.8,58.3,59.7,48.4,27.5
21,UA_Kyi_14_23,23,UA,Ukraine,Kyiv,2014/08/09,2014,8,9,50.34402778,30.48911111,167.7,S,80,Iryna Kozeretska,0.184510251,0.017346689,0.065217391,0.021541297,0.035100118,0.106798789,-0.0808171,-0.0302194,0.0241338,3,61.8,66.4,62.6,65.7,44.2,30.6
22,UA_Kyi_14_24,24,UA,Ukraine,Kyiv,2014/09/08,2014,9,8,50.34402778,30.48911111,167.7,F,80,Iryna Kozeretska,0.232592593,0.033142513,0.073684211,0.012607535,0.047257384,0.077926657,-0.0824956,-0.0331857,0.0188928,3,49.4,51.9,49.8,51.6,34.4,24.1
23,UA_Var_14_25,25,UA,Ukraine,Varva,2014/08/18,2014,8,18,50.48469444,32.71425,130.7,S,80,Oleksandra Protsenko,0.238396624,0.03052414,0.040446304,0.023435797,0.069504778,0.104583772,-0.0808885,-0.0325115,0.0122099,3,64.4,66.8,64.7,66.8,50.2,30.9
24,UA_Pyr_14_26,26,UA,Ukraine,Piryuatin,2014/08/20,2014,8,20,50.25375,32.51880556,98.3,S,80,Oleksandra Protsenko,0.184652278,0.022607781,0.034149485,0.02784328,0.110475199,0.080381189,-0.0924472,-0.0264898,0.0291149,3,76.5,76.4,76.4,76.4,78.1,37.2
25,UA_Dro_14_27,27,UA,Ukraine,Drogobych,2014/08/24,2014,8,24,49.32991667,23.50280556,310.9,S,80,Iryna Kozeretska,0.172754195,0.00669879,0.073637703,0.022226672,0,0.099090697,-0.0827211,-0.00179633,0.0352711,3,67.8,68.7,68.0,68.3,66.7,33.1
26,UA_Cho_14_28,28,UA,Ukraine,Chornobyl (Cooling pond),2014/09/13,2014,9,13,51.37330556,30.13830556,112,F,80,Iryna Kozeretska,0.266409266,0.005894382,0.023431595,0.014617369,0.040582086,0.081926514,-0.0753288,-0.0310285,0.0167269,3,65.5,65.7,65.5,65.6,65.6,31.8
27,UA_Cho_14_29,29,UA,Ukraine,Chornobyl Yaniv,2014/09/13,2014,9,13,51.38691667,30.07330556,108.8,F,80,Iryna Kozeretska,0.231794872,0.036694826,0.020984665,0.036667813,0.039323274,0.105291432,-0.0733178,-0.034298,0.0161088,3,60.0,61.3,60.1,61.1,54.8,29.1
28,SE_Lun_14_30,30,SE,Sweden,Lund,2014/07/31,2014,7,31,55.694,13.198,28.2,S,80,Jessica Abbott,0.152217742,0.04290429,0.024493243,0.006578947,0.014510278,0.020463113,0.0543285,0.00842218,-0.066893,4,59.8,59.9,59.8,59.9,55.2,28.8
29,DE_Mun_14_31,31,DE,Germany,Munich,2014/06/19,2014,6,19,48.18,11.61,502,S,80,John Parsch,0.366898148,0.019325777,0.034275921,0.031727532,0.000250815,0.143123254,0.0716162,-0.0375638,-0.0563692,4,53.8,54.7,53.9,54.5,49.7,25.8
30,DE_Mun_14_32,32,DE,Germany,Munich,2014/09/03,2014,9,3,48.18,11.61,502,F,80,John Parsch,0.498190591,0.037198203,0.021533161,0.019359058,0.036334491,0.108300908,0.0768648,-0.0426637,-0.0511716,4,52.0,52.7,51.9,52.9,45.5,24.9
31,PT_Rec_14_33,33,PT,Portugal,Recarei,2014/09/26,2014,9,26,41.15,-8.41,97,F,80,Jorge Vieira,0.173543689,0.050161812,0.131117267,0.039041006,0.04601378,0.050750751,0.0854057,0.112571,0.124663,1,52.4,51.7,51.9,51.8,51.2,27.0
32,ES_Gim_14_34,34,ES,Spain,Gimenells,2014/10/20,2014,10,20,41.6175899,0.6200146,186.3,F,80,Lain Guio,0.185238784,0.108360183,0.222689076,0.005775954,0.101424005,0.027526015,0.109259,0.0563894,0.07824,1,45.6,44.7,45.0,45.0,46.8,22.1
33,ES_Gim_14_35,35,ES,Spain,Gimenells,2014/08/13,2014,8,13,41.6175899,0.6200146,186.3,S,80,Lain Guio,0.308080808,0.111711712,0.099009901,0.018658311,0.100704639,0.000967118,0.109869,0.0566498,0.0838496,1,47.4,47.0,47.1,47.1,45.3,23.5
34,FI_Aka_14_36,36,FI,Finland,Akaa,2014/07/25,2014,7,25,61.1,23.52,110,S,80,Maaria Kankare,0.240524781,0.00993749,0,0.011942907,0.025903614,0.040117777,0.042235,-0.0260325,-0.08937,4,46.5,48.6,46.6,48.6,33.9,21.9
35,FI_Aka_14_37,37,FI,Finland,Akaa,2014/08/27,2014,8,27,61.1,23.52,110,S,80,Maaria Kankare,0.277124183,0.013746857,0.010834236,0.009919767,0.009731643,0.026595745,0.0420602,-0.0332047,-0.0771489,4,46.1,45.8,45.8,45.9,45.3,22.3
36,FI_Ves_14_38,38,FI,Finland,Vesanto,2014/07/26,2014,7,26,62.55,26.24,105,S,66,Maaria Kankare,0.310410697,0.017050587,0.018335684,0.022135417,0.001598721,0.00023855,0.0387996,-0.0294929,-0.0792274,4,67.9,68.2,67.7,68.3,62.9,33.1
37,DK_Kar_14_39,39,DK,Denmark,Karensminde,2014/09/01,2014,9,1,55.945128,10.212586,16,F,80,Mads Fristrup Schou,0.075535513,0.028999319,0.000802568,0.010829022,0.0007034,0.06826621,0.047718,0.0110546,-0.06262,4,55.6,56.4,55.6,56.3,50.0,27.1
38,DK_Kar_14_41,41,DK,Denmark,Karensminde,2014/11/25,2014,11,25,55.945128,10.212586,16,F,80,Mads Fristrup Schou,0.056451613,0.028585842,0,0.032120566,0.000584283,0.044623263,0.046387,0.0181299,-0.056447,4,44.5,44.6,44.1,44.6,39.8,21.3
39,CH_Cha_14_42,42,CH,Switzerland,Chalet à Gobet,2014/07/24,2014,7,24,46.5670416,6.701867,869.9,S,80,Martin Kapun,0.489968321,0.034215698,0.160331721,0.029674573,0.057179708,0.105845182,0.0880326,0.00325575,-0.00594788,1,63.9,67.3,64.6,66.6,51.0,31.6
40,CH_Cha_14_43,43,CH,Switzerland,Chalet à Gobet,2014/10/05,2014,10,5,46.5670416,6.701867,869.9,F,80,Martin Kapun,0.368705036,0.035728786,0.041617122,0.035601706,0.075360177,0.071616872,0.0767085,0.0391063,-0.00099117,1,36.6,37.2,36.7,37.3,31.1,18.2
41,AT_See_14_44,44,AT,Austria,Seeboden,2014/08/17,2014,8,17,46.8136889,13.50794792,591.7,S,80,Martin Kapun,0.316593886,0.018867925,0.069284065,0.049275706,0.036428571,0.022994952,0.0189503,-0.0182252,-0.0301051,4,57.4,58.5,57.3,58.3,49.0,28.5
42,UA_Kha_14_45,45,UA,Ukraine,Kharkiv,2014/07/26,2014,7,26,49.81852778,36.05475,104.3,S,80,Svitlana Serga,0.203747073,0.014823881,0.038043478,0.018923208,0.10267963,0.087321579,-0.0617059,-0.0250942,0.00477058,3,55.8,55.8,55.5,55.9,51.5,27.2
43,UA_Kha_14_46,46,UA,Ukraine,Kharkiv,2014/09/14,2014,9,14,49.81852778,36.05475,104.3,F,80,Svitlana Serga,0.164096916,0.020893943,0.020618557,0.016167099,0.05303559,0.076108727,-0.067504,-0.0112197,0.00291542,3,56.7,57.6,56.5,57.3,53.7,27.5
44,UA_Cho_14_47,47,UA,Ukraine,Chornobyl Applegarden,2014/09/13,2014,9,13,51.27263889,30.22136111,127,F,80,Svitlana Serga,0.162442396,0.033085658,0.082585278,0.016986981,0.108128079,0.038537271,-0.0713153,-0.017482,0.0134795,3,54.8,53.9,54.3,54.1,54.4,26.8
45,UA_Cho_14_48,48,UA,Ukraine,Chornobyl Polisske,2014/09/13,2014,9,13,51.27888889,29.39438889,127,F,70,Svitlana Serga,0.289855072,0.01390681,0.050043898,0.018332042,0.023944387,0.039060019,-0.0534367,-0.0156935,-0.00230217,3,51.9,52.1,51.8,52.2,46.1,25.5
46,UA_Kyi_14_49,49,UA,Ukraine,Kyiv,2014/10/11,2014,10,11,50.34402778,30.48911111,167.7,F,80,Svitlana Serga,0.177554439,0.057897695,0.03,0.01790892,0.048494983,0.179195449,-0.0765865,-0.033539,0.0286588,3,39.5,39.7,39.3,39.9,35.2,19.5
47,UA_Uma_14_50,50,UA,Ukraine,Uman,2014/10/01,2014,10,1,48.75327778,30.20580556,216.5,F,80,Svitlana Serga,0.137414966,0.005875441,0.095149254,0.024383744,0.055976981,0.12371134,-0.096373,-0.0242424,0.0580224,3,50.3,50.4,50.0,50.7,44.1,24.4
48,RU_Val_14_51,51,RU,Russia,Valday,2014/08/17,2014,8,17,57.9788789,33.243615,216,S,80,Elena Pasyukova,0.187598116,0.025280625,0.066748316,0.013382402,0.011252446,0.014928193,-0.0481434,0.0126514,-0.00540128,3,80.6,78.5,80.1,78.8,88.6,40.0
49,GS_Des_15_1,1,GS,Guadeloupe,Deshaies,2015/12/16,2015,12,16,16.32,-61.78,86,F,80,Maaria Kankare,0,0.008887802,0.496506986,0.001916667,0.006674757,0.010733802,0.241059,-0.579522,0.207064,2,84.0,97.4,86.3,92.8,36.1,44.6
50,GS_Sai_15_2,2,GS,Guadeloupe,Saint Francois,2015/12/23,2015,12,23,16.25,-61.28,0,F,80,Maaria Kankare,0.038461538,0.00673052,0.40877193,0.001577754,0.074534161,0.000236574,0.244597,-0.608275,0.206947,2,74.0,90.7,77.1,84.1,24.0,43.2
51,TR_Yes_15_3,3,TR,Turkey,Yesiloz,2015/05/01,2015,5,1,40.231444,32.260328,704,S,80,Banu Sebnem Onder,0.111111111,0.010627731,0.040640394,0.014168737,0.001733403,0,0.0195327,-0.000408462,-0.131288,4,77.1,81.3,77.1,80.0,54.0,37.8
52,TR_Yes_15_4,4,TR,Turkey,Yesiloz,2015/06/01,2015,6,1,40.231444,32.260328,704,S,80,Banu Sebnem Onder,0.201869159,0.025449102,0.081471748,0.013693271,0.044051205,0,0.0162535,-0.0106536,-0.144309,4,35.2,38.4,35.6,37.3,20.7,17.8
53,TR_Yes_15_5,5,TR,Turkey,Yesiloz,2015/07/28,2015,7,28,40.231444,32.260328,704,S,80,Banu Sebnem Onder,0.182525434,0.026146132,0.127544661,0.00908423,0.036821705,0.008414034,0.00710533,-0.00327402,-0.144066,4,101.7,111.7,103.1,108.6,71.1,50.1
54,TR_Yes_15_6,6,TR,Turkey,Yesiloz,2015/08/27,2015,8,27,40.231444,32.260328,704,S,80,Banu Sebnem Onder,0.300524934,0.035174729,0.049202733,0.013310797,0.097801892,0.000654772,0.0189215,-0.00397807,-0.121277,4,97.7,105.7,99.0,103.3,74.9,24.3
55,TR_Yes_15_7,7,TR,Turkey,Yesiloz,2015/09/17,2015,9,17,40.231444,32.260328,704,S,80,Banu Sebnem Onder,0.110429448,0.016118633,0.057142857,0.021304067,0.020782396,0.017171717,0.0215954,-0.00369551,-0.186591,4,10.9,12.4,11.2,12.0,6.5,5.7
56,TR_Yes_15_8,8,TR,Turkey,Yesiloz,2015/10/15,2015,10,15,40.231444,32.260328,704,F,80,Banu Sebnem Onder,0.172698413,0.012950095,0.07498689,0.013468741,0.043273884,0.000824674,0.0185486,-0.00217296,-0.130432,4,96.8,101.3,96.9,99.5,84.4,47.5
57,UA_Uma_15_9,9,UA,Ukraine,Uman',2015/09/26,2015,9,26,48.75327778,30.20580556,216.5,S,80,Svitlana Serga,0.178072112,0.059574848,0.103409726,0.01277211,0.091321345,0.04420617,-0.113458,-0.0181203,0.0638419,3,86.2,91.3,86.8,89.7,71.4,44.5
58,UA_Dro_15_10,10,UA,Ukraine,Drogobych,2015/09/18,2015,9,18,49.32991667,23.50280556,310.9,S,80,Iryna Kozeretska,0.111192931,0.011496003,0.193346191,0.011524556,0.01123276,0.049242424,-0.0885889,0.00817669,0.0451258,3,94.9,104.6,96.5,102.0,51.3,48.4
59,UA_Ode_15_11,11,UA,Ukraine,Odessa,2015/09/26,2015,9,26,46.44155556,30.77169444,11.1,S,80,Iryna Kozeretska,0.330168776,0.053122418,0.094941095,0.015997238,0.024677383,0.087250211,-0.0867221,-0.0329593,0.0570396,3,61.3,66.0,61.9,64.7,43.8,30.7
60,PO_Brz_15_12,12,PO,Poland,Brzezina,2015/09/28,2015,9,28,54.27342,19.620169,97.7,S,80,Iryna Kozeretska,0.223059533,0.028306452,0.001871783,0.010202516,0.002583979,0.071680594,-0.0217176,-0.00218358,-0.00660772,3,91.8,100.6,93.6,98.4,63.0,50.2
61,BY_Bre_15_13,13,BY,Belarus,Brest,2015/09/11,2015,9,11,52.142193,23.662434,138.4,S,80,Iryna Kozeretska,0.15969257,0.008337381,0.034123223,0.011136561,0.040781779,0.037724898,-0.0531735,0.0201607,0.010357,3,87.7,97.2,89.8,94.8,57.2,43.8
62,SE_Lun_15_14,14,SE,Sweden,Lund,2015/08/24,2015,8,24,55.694,13.198,28.2,S,80,Jessica Abbott,0.154347826,0.032325624,0.023639362,0.009779743,0.027888446,0.000386175,0.0607946,0.0157438,-0.0550692,4,81.7,89.1,82.5,86.4,44.2,41.8
63,SE_Lun_15_15,15,SE,Sweden,Lund,2015/08/08,2015,8,8,55.694,13.198,28.2,S,80,Jessica Abbott,0.082437276,0.006170266,0.005681818,0.006867608,0.00073779,0.000181324,0.0411523,0.0215673,-0.0487568,1,90.2,95.8,90.9,94.0,66.5,45.3
64,PT_Rec_15_16,16,PT,Portugal,Recarei,2015/09/01,2015,9,1,41.15,-8.41,97,S,80,Jorge Vieira,0.123388582,0.018351685,0.140134529,0.065880039,0.072154964,0.030410742,0.10696,0.123186,0.220429,1,38.6,48.8,40.5,44.3,10.4,26.5
65,UK_She_15_17,17,UK,United Kingdom,Sheffield,2015/10/04,2015,10,4,53.391,-1.521,102.4,F,80,Damiano Porcelli,0.230824373,0.017568517,0.04185022,0.011869203,0.001062861,0.011127326,0.0929078,-0.000870165,0.0102126,1,88.2,91.7,88.5,90.2,76.9,43.2
66,UA_Var_15_18,18,UA,Ukraine,Varva,2015/08/25,2015,8,25,50.48469444,32.71425,130.7,S,80,Iryna Kozeretska,0.147208122,0.01790965,0.11218986,0.013352987,0.14337295,0.025709585,-0.0842551,-0.0201201,0.0144232,3,81.5,90.6,83.1,88.0,42.7,42.8
67,UA_Kha_15_19,19,UA,Ukraine,Kharkiv,2015/08/20,2015,8,20,49.81852778,36.05475,104.3,S,80,Svitlana Serga,0.217131474,0.024588054,0.039722329,0.018240753,0.074824356,0.096769059,-0.068748,-0.0272966,0.00407825,3,109.6,124.0,112.1,119.5,58.2,56.6
68,UA_Ode_15_20,20,UA,Ukraine,Odessa,2015/06/30,2015,6,30,46.44155556,30.77169444,11.1,S,80,Iryna Kozeretska,0.138691883,0.037204759,0.04378763,0.01283577,0.032779245,0.042767535,-0.0973058,-0.00739178,0.0547286,3,83.0,89.4,83.8,87.3,53.5,41.7
69,UA_Pir_15_21,21,UA,Ukraine,Piryuatin,2015/08/26,2015,8,26,50.25375,32.51880556,98.3,S,80,Iryna Kozeretska,0.20913242,0.021422686,0.110442865,0.027087833,0.080936455,0.061521499,-0.0818846,-0.0176187,0.011442,3,78.4,87.0,79.8,84.4,46.2,39.4
70,UA_Ode_15_22,22,UA,Ukraine,Odessa,2015/08/27,2015,8,27,46.44155556,30.77169444,11.1,S,80,Iryna Kozeretska,0.144642857,0.048385708,0.056265985,0.030087867,0.081649417,0.067564632,-0.096828,-0.0171861,0.0558401,3,80.8,92.1,83.3,88.8,41.7,42.1
71,UA_Yal_15_23,23,UA,Ukraine,Yalta,2015/06/24,2015,6,24,44.5015,34.16611944,47.3,S,80,Iryna Kozeretska,0.133595285,0.020148462,0.090225564,0.014301231,0.000775795,0.034995977,-0.0797782,0.00242143,0.032,3,41.1,51.8,43.6,46.9,14.0,27.6
72,UA_Cho_15_24,24,UA,Ukraine,Chornobyl Applegarden,2015/08/20,2015,8,20,51.279245,30.213118,118.6,S,80,Svitlana Serga,0.159509202,0.040194627,0.021924482,0.01642562,0.066295158,0.028805562,-0.0808057,-0.0159907,0.0247269,3,65.7,74.2,66.8,71.3,34.2,33.3
73,UA_Cho_15_25,25,UA,Ukraine,Chornobyl Applegarden,2015/06/15,2015,6,15,51.279245,30.213118,118.6,S,80,Svitlana Serga,0.100714286,0.016825397,0.052480916,0.037192004,0.021131043,0.033608712,-0.0846533,-0.0102086,0.0268638,3,89.7,99.2,91.0,96.4,59.4,44.0
74,UA_Cho_15_26,26,UA,Ukraine,Chornobyl Kopachi,2015/08/26,2015,8,26,51.3352,30.136179,116.5,S,80,Iryna Kozeretska,0.236055777,0.012452281,0.008342023,0.017251185,0.042632231,0.103821197,-0.072452,-0.0289728,0.0163843,3,74.5,87.4,77.7,83.3,36.0,39.9
75,UA_Cho_15_27,27,UA,Ukraine,Chornobyl Yaniv,2015/08/26,2015,8,26,51.38691667,30.07330556,108.8,S,80,Iryna Kozeretska,0.203862661,0.010228058,0.000436491,0.042916907,0.015994962,0.070572345,-0.0723962,-0.0116652,0.0195625,3,98.8,115.1,102.2,109.5,40.7,54.2
76,ES_Tom_15_28,28,ES,Spain,Tomelloso,2015/10/08,2015,10,8,39.15805,-3.021,667.6,F,80,Josefa González,0.189066059,0.065477252,0.034928849,0.014446394,0.055215712,0.070639116,0.105185,0.044293,0.0671832,1,72.0,87.5,75.7,81.9,26.5,42.7
77,ES_Tom_15_29,29,ES,Spain,Tomelloso,2015/09/17,2015,9,17,39.15805,-3.021,667.6,S,80,Josefa González,0.328696925,0.039086217,0.089409722,0.00778412,0.093759029,0.049748463,0.107477,0.0331792,0.0587673,1,93.5,104.4,95.2,101.4,57.8,47.1
78,ES_Gim_15_30,30,ES,Spain,Gimenells,2015/06/28,2015,6,28,41.656416,0.388472,263.2,S,80,Marta Pascual,0.24609375,0.119529719,0.232054176,0.006221942,0.088768692,0,0.10626,0.0536947,0.0664749,1,87.1,98.6,88.7,94.9,51.8,43.4
79,ES_Gim_15_31,31,ES,Spain,Gimenells,2015/10/22,2015,10,22,41.656416,0.388472,263.2,F,80,Maria Pilar Garcia-Guerreiro,0.238853503,0.178668849,0.206470588,0.005581669,0.069493315,0.000467508,0.0990225,0.0633726,0.0742685,1,74.4,88.2,77.7,83.8,32.3,41.0
80,ES_Gua_15_32,32,ES,Spain,Guadix,2015/09/12,2015,9,12,37.3308,-3.173416,862.9,S,80,Anna Ullastres and Miriam Merenciano,0.26523888,0.080329724,0.089876033,0.010044459,0.065760307,0.030934213,0.107476,0.0377774,0.0516466,1,82.8,97.7,85.6,92.3,35.4,45.2
81,ES_Cor_15_33,33,ES,Spain,Cortes de Baza,2015/08/08,2015,8,8,37.661547,-2.79631,728.4,S,80,Lain and Anna (Gonzalez lab),0.284708249,0.034342258,0.044728435,0.011782161,0.128129602,0.013942857,0.107898,0.0416021,0.0669854,1,80.2,96.0,83.1,90.7,30.2,43.8
82,FI_Aka_15_34,34,FI,Finland,Akaa,2015/10/01,2015,10,1,61.1,23.52,110,F,80,Maaria Kankare,0.28582996,0.007723133,0,0.033184709,0.01207107,0.074967766,0.0367173,-0.0388178,-0.0849931,4,96.3,111.0,99.6,106.8,45.0,55.3
83,FI_Aka_15_35,35,FI,Finland,Akaa,2015/07/21,2015,7,21,61.1,23.52,110,S,80,Maaria Kankare,0.351821192,0.005880849,0.028819762,0.010032866,0.001504011,0.06610499,0.0462173,-0.0425994,-0.0872272,4,81.9,95.7,84.3,91.4,40.0,42.0
84,RU_val_15_36,36,RU,Russia,valday,2015/08/23,2015,8,23,58.024,33.23528,226.4,S,80,elena pasyukova,0.206432311,0.071016556,0.000439174,0.013882426,0.000146929,0.030088816,-0.0480083,-0.0122679,-0.0493231,3,92.9,104.3,94.8,100.8,57.4,47.1
85,RU_tul_15_37,37,RU,Russia,tula,2015/09/20,2015,9,20,53.99778,38.13167,243,S,80,elena pasyukova,0.233311302,0.008374713,0.028117914,0.011415365,0.02333738,0.000164312,-0.0639368,-0.0120558,0.00129963,3,98.7,106.3,99.6,104.0,75.7,49.0
86,RU_val_15_38,38,RU,Russia,valday,2015/10/05,2015,10,5,58.024,33.23528,226.4,F,80,elena pasyukova,0.155862069,0.072787491,0.000457875,0.014140682,0.000567215,0.047998614,-0.0465809,-0.00282961,-0.0364678,3,95.5,104.1,96.6,101.6,67.1,47.4
87,CH_Cha_15_39,39,CH,Switzerland,Chalet à Gobet,2015/08/01,2015,8,1,46.5670416,6.701867,869.9,S,80,Martin Kapun (Flatt lab),0.322695035,0.04058193,0.286486486,0.003941731,0.068592058,0.089536138,0.0809571,0.0221775,-0.0131293,1,80.8,94.1,83.5,90.2,38.2,42.2
88,FR_Vil_15_40,40,FR,France,Viltain,2015/08/10,2015,8,10,48.754,2.158,153.4,S,80,Catherine Montchamp-Moreau,0.312220566,0.076613493,0.090497738,0.008659258,0.033444352,0.063947275,0.0750101,0.0654453,0.0579842,1,98.5,110.3,100.6,107.1,59.4,49.6
89,FR_Vil_15_41,41,FR,France,Viltain,2015/10/14,2015,10,14,48.754,2.158,153.4,F,80,Catherine Montchamp-Moreau,0.185271318,0.047078306,0.038206826,0.048445352,0.094917158,0.040708632,0.0753419,0.0838592,0.0637763,1,89.6,101.2,91.8,97.5,42.7,47.4
90,UK_Mar_15_42,42,UK,United Kingdom,Market Harborough,2015/07/07,2015,7,7,52.4608,-0.959,109.5,S,80,mirko pegoraro,0.039676708,0.014377979,0.001713062,0.008183183,0.012182283,0.010699133,0.0725991,0.0629974,0.0199451,1,93.3,104.0,95.0,101.1,61.5,46.4
91,IT_Mez_15_43,43,IT,Italy,Mezzocorona,2015/09/29,2015,9,29,46.212856,11.08755,250.8,S,80,omar rota-stabelli,0.107981221,0.015507412,0.066766692,0.014441748,0.07398568,0.059689507,0.0364782,0.0485412,0.0123255,1,60.2,71.6,62.6,67.4,21.0,37.3
92,IT_Mez_15_44,44,IT,Italy,Mezzolombardo,2015/10/10,2015,10,10,46.217939,11.123423,218.1,F,80,omar rota-stabelli,0.155518395,0.013717156,0.110709988,0.01088647,0.097293594,0.000456204,0.0367657,0.0728887,0.0665889,1,37.6,42.2,38.3,40.6,19.2,19.9
93,DE_Mun_15_46,46,DE,Germany,Munich,2015/09/01,2015,9,1,48.18,11.61,502,S,80,Eliza Argyridou,0.168879056,0.037039913,0.048072562,0.040943897,0.002233472,0.124951942,0.0600172,-0.0226117,-0.0588291,4,90.3,100.8,92.1,97.6,58.0,45.9
94,DE_Mun_15_45,45,DE,Germany,Munich,2015/06/01,2015,6,1,48.18,11.61,502,S,80,Eliza Argyridou,0.353860294,0.027380952,0.078309859,0.013186399,0.017949667,0.042112452,0.0656092,-0.0168567,-0.052869,4,73.8,81.1,74.9,78.9,50.1,37.1
95,FR_Got_15_47,47,FR,France,Gotheron,2015/05/21,2015,5,21,44.977,4.93,179.6,S,80,Cristina Vieira,0.068481124,0.051969684,0.023230686,0.007005254,0.005520505,0.0002096,0.066323,0.131604,0.0870982,1,83.5,96.0,85.9,91.9,39.9,44.7
96,FR_Got_15_48,48,FR,France,Gotheron,2015/09/09,2015,9,9,44.977,4.93,179.6,S,80,Cristina Vieira,0.014251781,0.054050871,0.075170843,0.007643449,0.046098004,0,0.0701387,0.125834,0.0900901,1,58.1,71.3,60.8,66.2,14.6,36.6
97,FR_Got_15_49,49,FR,France,Gotheron,2015/10/13,2015,10,13,44.977,4.93,179.6,F,80,Cristina Vieira,0.074889868,0.020607045,0.085828343,0.008715501,0.02480916,0.000691563,0.0653824,0.117285,0.0780353,1,64.4,81.3,67.9,74.1,16.5,41.3
98,AT_Mau_15_50,50,AT,Austria,Mauternbach,2015/07/20,2015,7,20,48.375,15.56,320,S,80,Andrea Betancourt,0.195901145,0.051642558,0.015808675,0.034342039,0.015514131,0.094925373,-0.0272247,-0.00942206,0.000302393,3,110.0,118.0,110.7,115.6,85.0,54.1
99,AT_Mau_15_51,51,AT,Austria,Mauternbach,2015/10/19,2015,10,19,48.375,15.56,320,F,80,Andrea Betancourt,0.273872679,0.020978508,0.031223268,0.039746871,0.010918521,0.098073251,-0.024184,-0.0202514,-0.0150394,3,100.0,108.4,101.2,106.5,67.0,52.1
100,UK_Dai_15_52,52,UK,United Kingdom,Dairsie. Fife,2015/08/19,2015,8,19,56.344534,-2.952766,51.7,S,80,Mike Ritchie,0.033130494,0.00744173,0,0.013192612,0.001466276,0.009414929,0.0738744,0.00764873,-0.026374,1,102.8,114.8,104.9,111.7,55.2,52.0
101,DE_Bro_15_53,53,DE,Germany,Broggingen,2015/06/30,2015,6,30,48.218,7.82,197,S,80,Fabian Staubach,0.294758339,0.030383275,0.078740157,0.017358438,0.000515929,0.072359396,0.053029,0.0214909,-0.0139051,1,100.7,114.8,103.8,110.5,54.1,53.8
102,DE_Bro_15_54,54,DE,Germany,Broggingen,2015/10/25,2015,10,25,48.218,7.82,197,F,80,Fabian Staubach,0.185687847,0.022177419,0.078887195,0.006944444,0.02685469,0.065902579,0.0592395,0.0269585,-0.00583356,1,110.2,124.4,112.5,120.0,64.2,56.5
103,RU_Ale_15_55,55,RU,Russia,Alexandrov,2015/09/15,2015,9,15,56.41472,38.71611,187,S,80,elena pasyukova,0.1055505,0.001052299,0,0.021713383,0.009613572,0,-0.0535003,0.00579752,-0.016704,3,69.6,76.3,70.5,74.0,49.6,34.3
104,UA_Yal_15_63,63,UA,Ukraine,Yalta,2015/08/24,2015,8,24,44.5015,34.16611944,47.3,S,80,Iryna Kozeretska,0.110714286,0.015938415,0.064537591,0.013712881,0.050726004,0.035760448,-0.0806366,0.00827345,0.0389392,3,74.0,74.6,74.2,74.7,73.9,37.4
105,UA_Kyi_15_64,64,UA,Ukraine,Kyiv (Vyshneve),2015/08/10,2015,8,10,50.383374,30.368038,175.9,S,80,Iryna Kozeretska,0.21027668,0.045471315,0.02039627,0.015857446,0.075983503,0.170296658,-0.0682522,-0.0482939,0.0101089,3,86.9,88.3,87.5,88.1,87.4,44.3
106,UA_Cho_15_65,65,UA,Ukraine,Chornobyl (Cooling pond),2015/08/26,2015,8,26,51.37330556,30.13830556,112,S,80,Iryna Kozeretska,0.084592145,0.019426543,0.02677532,0.029047658,0.083333333,0.097477717,-0.0772431,-0.0169302,0.0144406,3,87.4,88.1,87.6,88.1,86.9,44.3
107,UA_Ode_15_66,66,UA,Ukraine,Odessa,2015/07/26,2015,7,26,46.44155556,30.77169444,11.1,S,80,Iryna Kozeretska,0.212473573,0.071518915,0.038827839,0.015016234,0.006860055,0.055749942,-0.110055,-0.0122663,0.0526721,3,70.6,71.4,70.9,71.4,69.3,35.9
108,UA_Cho_15_67,67,UA,Ukraine,Chornobyl Applegarden,2015/08/26,2015,8,26,51.279245,30.213118,118.6,S,80,Iryna Kozeretska,0.224979322,0.008760314,0.013767209,0.034930314,0.039426523,0.0648334,-0.074128,-0.0240497,0.00521539,3,81.6,82.5,81.8,82.5,79.3,42.9
109,UA_Cho_15_68,68,UA,Ukraine,Chornobyl Polisske,2015/08/26,2015,8,26,51.27888889,29.39438889,127,S,80,Iryna Kozeretska,0.113598673,0.045382481,0.011553273,0.016619768,0.076791517,0.062822037,-0.0829048,-0.0140432,0.0266045,3,81.4,81.6,81.5,81.8,80.7,40.9
110,UA_Cho_15_69,69,UA,Ukraine,Chornobyl Applegarden,2015/08/26,2015,8,26,51.27263889,30.22136111,127,S,80,Iryna Kozeretska,0.182539683,0.017419125,0.008011653,0.029066172,0.056596253,0.079894434,-0.074093,-0.0209003,0.00800717,3,68.5,68.7,68.7,68.9,68.7,34.8
111,UA_Cho_15_70,70,UA,Ukraine,Chornobyl Applegarden,2015/07/07,2015,7,7,51.279245,30.213118,118.6,S,80,Iryna Kozeretska,0.151360544,0.021952007,0.058588549,0.033939621,0.036117381,0.085982505,-0.0777277,-0.014838,0.0107991,3,74.3,75.2,74.8,75.1,75.4,37.9
112,AT_See_16_1,1,AT,Austria,Seeboden,2016/08/01,2016,8,1,46.8136889,13.50794792,591.7,S,80,Martin Kapun,0.288490284,0.049443758,0.191103789,0.047090968,0.030948678,0.075077825,0.0220692,-0.00700485,-0.017093,3,86.2,89.5,86.2,88.5,71.8,43.0
113,DK_Kar_16_2,2,DK,Denmark,Karensminde Orchard,2016/06/08,2016,6,8,55.945128,10.212586,16,S,80,Mads Fristrup Schou,0.361610352,0.003921569,0.000554017,0.00630154,0.005475285,0.101316245,0.0669409,-0.0645167,-0.326883,5,90.6,91.5,91.3,91.4,92.7,45.8
114,DK_Kar_16_3,3,DK,Denmark,Karensminde Orchard,2016/09/15,2016,9,15,55.945128,10.212586,16,S,80,Mads Fristrup Schou,0.143442623,0.006020067,0.00060241,0.007649334,0.00424282,0.084722761,0.0613614,-0.0204171,-0.251064,5,82.9,84.3,83.3,84.1,82.7,42.0
115,DK_Kar_16_4,4,DK,Denmark,Karensminde Orchard,2016/11/22,2016,11,22,55.945128,10.212586,16,F,80,Mads Fristrup Schou,0.143445436,0.005394191,0,0.009755377,0.00389051,0.077024358,0.0574181,-0.0217307,-0.24805,5,96.9,97.7,97.3,97.7,98.8,49.1
116,FI_Aka_16_5,5,FI,Finland,Akaa,2016/07/24,2016,7,24,61.1,23.52,110,S,80,Maaria Kankare,0.262116716,0.009307876,0.010324484,0.011848341,0.05691217,0.06824341,0.0438251,-0.0369803,-0.0902929,4,66.0,68.4,66.0,67.7,52.7,32.8
117,FI_Aka_16_6,6,FI,Finland,Akaa,2016/09/17,2016,9,17,61.1,23.52,110,S,80,Maaria Kankare,0.292184076,0.011859583,0.03760282,0.012583893,0.020943245,0.069458032,0.0393097,-0.0400555,-0.0946096,4,84.2,86.7,84.3,86.0,73.5,45.5
118,FI_Ves_16_7,7,FI,Finland,Vesanto,2016/07/29,2016,7,29,62.55,26.24,105,S,80,Maaria Kankare,0.28042328,0.018409426,0.030659172,0.013220633,0.000416956,0.100874243,0.0388373,-0.0360928,-0.0747359,4,92.2,98.9,92.3,96.6,67.2,48.6
119,FR_Got_16_8,8,FR,France,Gotheron,2016/06/13,2016,6,13,44.976813,4.930005,178,S,80,Cristina Vieira,0.116190476,0.017046737,0.038410596,0.00714995,0.000189394,0.000220799,0.0647079,0.1242,0.0729225,1,71.4,72.9,71.7,72.4,67.5,36.0
120,FR_Vil_16_9,9,FR,France,Viltain,2016/08/12,2016,8,12,48.7543324,2.1584108,154.4,S,80,Catherine Montchamp-Moreau,0.248623131,0.040891059,0.180025445,0.047514298,0.079675895,0.028011753,0.0782493,0.0766409,0.0559765,1,80.4,81.6,80.9,81.3,80.2,40.9
121,DE_Bro_16_10,10,DE,Germany,Broggingen,2016/07/24,2016,7,24,48.218024,7.819513,203.3,S,80,Fabian Staubach,0.053540587,0.019952545,0.094365241,0.007945516,0.012278801,0.017226712,0.0395701,0.0488979,0.0024983,1,73.9,75.6,74.4,74.9,73.9,37.7
122,DE_Bro_16_11,11,DE,Germany,Broggingen,2016/10/23,2016,10,23,48.218024,7.819513,203.3,F,80,Fabian Staubach,0.109766638,0.027052934,0,0.008878814,0.000715052,0.033759698,0.0496292,0.0460526,0.00769969,1,76.3,76.7,76.5,76.6,79.1,38.5
123,DE_Mun_16_12,12,DE,Germany,Munich,2016/06/25,2016,6,25,48.18,11.61,502,S,80,John Parsch,0.164513351,0.023905687,0.018637532,0.073530795,0.002408746,0.147461555,0.0643754,-0.0237309,-0.0542205,4,75.6,76.4,76.0,76.2,77.8,38.3
124,DE_Mun_16_13,13,DE,Germany,Munich,2016/09/01,2016,9,1,48.18,11.61,502,S,80,John Parsch,0.295716639,0.01186559,0.04469914,0.054358175,0.00984252,0.075490791,0.0641305,-0.0151438,-0.0554354,4,81.8,83.0,82.3,82.8,83.7,41.7
125,HU_Sze_16_14,14,HU,Hungary,Szeged,2016/08/28,2016,8,28,46.25,20.13,78,S,80,László Sipos,0.17,0.021499597,0.009892828,0.0098719,0.044013683,0.041237113,-0.0889892,0.000449041,0.0289005,3,59.9,60.8,60.1,60.5,60.0,30.4
126,IT_Tre_16_15,15,IT,Italy,Trentino (San Michele a/A),2016/08/24,2016,8,24,46.2,11.13333,206,S,80,Omar Rota Stabelli - Gabriella Tait,0.129770992,0.009359367,0.007121058,0.010982306,0.008766803,0.001026343,0.0315699,0.0666622,0.037196,1,45.3,48.8,45.2,47.1,36.4,23.0
127,PO_Gda_16_16,16,PO,Poland,Gdansk,2016/08/01,2016,8,1,54.35,18.64,19,S,80,Iryna Kozeretska,0.253164557,0.012606303,0.075980392,0.148905234,0.002586653,0.01037385,-0.0297557,0.0115953,-0.00139454,3,81.2,82.7,81.8,82.3,81.2,41.2
128,PO_Brz_16_17,17,PO,Poland,Brzezina,2016/08/08,2016,8,8,54.27342,19.620169,97.7,S,80,Iryna Kozeretska,0.401294498,0.033720087,0.021459227,0.011313639,0.001256281,0.02454418,-0.0300663,-0.0064048,-0.0260785,3,22.1,22.4,22.2,22.4,22.4,11.2
129,PT_Rec_16_18,18,PT,Portugal,Recarei,2016/10/01,2016,10,1,41.15,-8.41,97,F,80,Jorge Vieira,0.321323095,0.052892172,0.140258497,0.006964273,0.141499331,0.021608273,0.0952957,0.0670859,0.103315,1,100.5,104.6,100.4,103.0,80.7,51.6
130,RU_Val_16_19,19,RU,Russia,Valday,2016/08/23,2016,8,23,58.02444,33.235277,227,S,80,Elena Pasyukova,0.174208145,0.007720439,0.015448604,0.017783505,0.066611296,0.000380156,-0.046485,-0.000253702,-0.0204213,3,81.8,83.0,82.2,82.6,82.2,41.6
131,RU_Val_16_20,20,RU,Russia,Valday,2016/09/29,2016,9,29,58.02444,33.235277,227,S,80,Elena Pasyukova,0.061960784,0.012000369,0.001138952,0.019275189,0.001897833,0.088522131,-0.0573496,-0.0016925,-0.010144,3,87.1,88.4,86.9,88.0,83.7,43.8
132,RU_Val_16_21,21,RU,Russia,Valday,2016/10/24,2016,10,24,58.02444,33.235277,227,F,80,Elena Pasyukova,0.071860309,0.004636785,0.00099108,0.015885624,0.000407719,0.000334504,-0.0499299,0.0192902,-0.0214329,3,98.2,99.7,98.7,99.2,99.0,49.8
133,RU_Ale_16_22,22,RU,Russia,Alexandrov,2016/10/15,2016,10,15,56.41472,38.71611,187,F,80,Elena Pasyukova,0.20990991,0.031512376,0.022890778,0.049690024,0.017919181,0.125357378,-0.0361277,-0.0262179,-0.0365621,3,74.4,75.7,74.9,75.4,74.8,37.9
134,UK_Dai_16_23,23,UK,United Kingdom,Dairsie. Fife,2016/08/06,2016,8,6,56.3447,-2.9525,51.1,S,80,Mike Ritchie,0.034511093,0.006883847,0,0.011621003,0,0.012807685,0.0679961,0.0495357,-0.00622144,1,82.1,83.4,82.2,83.0,77.3,41.5
135,RS_Kal_16_28,28,RS,Serbia,Kalna,2016/06/30,2016,6,30,43.4,22.42,431,S,80,Marina Stamenkovic,0.060965284,0.018342754,0.000647668,0.012711078,0.009627385,0.012967998,-0.100821,0.0120336,0.0554704,3,76.2,77.6,76.6,77.1,76.1,40.9
136,RS_Kal_16_29,29,RS,Serbia,Kalna,2016/09/13,2016,9,13,43.4,22.42,431,S,80,Marina Stamenkovic,0.117129316,0.046460537,0.000518403,0.029474146,0.038935574,0.016957606,-0.0979144,0.00917365,0.0448372,3,92.8,99.0,92.8,96.5,71.1,46.3
137,RS_Sla_16_30,30,RS,Serbia,Slankamen. Vinogradi,2016/06/18,2016,6,18,45.15,20.18,130,S,80,Marina Stamenkovic,0.065445026,0.053921569,0.004464286,0.009923664,0.026587605,0.050287993,-0.0944127,0.0010669,0.0348413,3,70.6,75.7,70.4,73.6,53.6,34.9
138,RS_Sla_16_31,31,RS,Serbia,Slankamen. Vinogradi,2016/09/09,2016,9,9,45.15,20.18,130,S,80,Marina Stamenkovic,0.083542189,0.004128191,0,0.014047665,0.031431898,0.026444444,-0.105209,0.00695497,0.0626326,3,70.6,73.9,70.5,72.7,57.4,35.2
139,ES_Ben_16_32,32,ES,Spain,Benalua,2016/10/08,2016,10,8,37.353733,-3.167179,855.5,F,80,Josefa Gonzalez,0.101134216,0.023353293,0.113372093,0.005989352,0.044805623,0.054545455,0.100956,0.0571147,0.0592129,1,60.5,65.1,60.1,63.1,45.8,30.0
140,ES_Gim_16_33,33,ES,Spain,Gimenells,2016/08/25,2016,8,25,41.656416,0.388472,263.2,S,80,Josefa Gonzalez,0.246606335,0.187461586,0.077844311,0.005854178,0.070098039,0.001230012,0.120127,0.083503,0.156726,1,26.5,26.8,26.6,26.7,23.9,14.1
141,ES_Gim_16_34,34,ES,Spain,Gimenells,2016/10/21,2016,10,21,41.656416,0.388472,263.2,F,80,Josefa Gonzalez,0.326388889,0.111898734,0.246893123,0.004058353,0.090220684,0.010012837,0.104024,0.0490817,0.0634301,1,64.1,64.9,64.3,64.6,65.2,32.5
142,ES_Pur_16_35,35,ES,Spain,Purullena. El Bejarín (Guadix),2016/08/30,2016,8,30,37.3377875,-3.1786148,851.1,S,80,Josefa Gonzalez,0.238916256,0.026652923,0.076576577,0.009211209,0.057003654,0.051552431,0.105747,0.0499706,0.100941,1,54.4,54.9,54.6,54.8,54.6,28.1
143,ES_Tom_16_36,36,ES,Spain,Tomelloso,2016/09/02,2016,9,2,39.152529,-3.0616048,664.3,S,80,Josefa Gonzalez,0.164437451,0.049723239,0.000592066,0.00591141,0.03829652,0.012378595,0.0924057,0.067621,0.0674426,1,86.3,87.4,86.6,87.4,83.9,43.9
144,ES_Tom_16_37,37,ES,Spain,Tomelloso,2016/10/11,2016,10,11,39.152529,-3.0616048,664.3,F,80,Josefa Gonzalez,0.23906409,0.064680147,0.036630037,0.007043734,0.067511425,0.022694697,0.101683,0.0581054,0.0735125,1,67.6,68.9,67.7,68.6,65.1,34.0
145,CH_Cha_16_38,38,CH,Switzerland,Chalet à Gobet,2016/08/15,2016,8,15,46.5670416,6.701867,869.9,S,80,Martin Kapun,0.455165692,0.039502295,0.161290323,0.022439776,0.020193521,0.116210215,0.0817296,0.0125781,-0.00235088,1,64.1,66.5,64.7,65.6,61.7,32.9
146,TR_Yes_16_39,39,TR,Turkey,Yesiloz TR13,2016/05/26,2016,5,26,40.231444,32.260328,704,S,80,Banu Onder,0.152764761,0.025372775,0.104984894,0.012754577,0.057307772,0.017573423,0.0140901,4.05929E-05,-0.133492,4,68.1,69.3,68.2,69.2,64.4,34.4
147,TR_Yes_16_40,40,TR,Turkey,Yesiloz TR14,2016/06/25,2016,6,25,40.231444,32.260328,704,S,80,Banu Onder,0.075621891,0.026069848,0.115722267,0.011756877,0.019098712,0.021083599,0.0188231,0.00255233,-0.136742,4,64.6,65.9,64.5,65.5,61.6,32.5
148,TR_Yes_16_41,41,TR,Turkey,Yesiloz TR15,2016/07/27,2016,7,27,40.231444,32.260328,704,S,80,Banu Onder,0.131722525,0.020744886,0.121921922,0.011950821,0.043113192,0.019921105,0.0141575,0.0129421,-0.129973,4,82.0,84.1,82.4,83.3,79.0,41.7
149,TR_Yes_16_42,42,TR,Turkey,Yesiloz TR16,2016/08/24,2016,8,24,40.231444,32.260328,704,S,80,Banu Onder,0.233791749,0.014727011,0.137774413,0.017116455,0.125494277,0.000722892,0.0240921,-0.0113874,-0.134678,4,67.0,68.3,66.9,67.9,63.0,33.4
150,TR_Yes_16_43,43,TR,Turkey,Yesiloz TR17,2016/09/27,2016,9,27,40.231444,32.260328,704,S,80,Banu Onder,0.233776388,0.01411037,0.157926829,0.011925907,0.074781749,0.006444276,0.0178502,-0.0126627,-0.129306,4,83.2,84.8,83.4,84.5,77.5,41.7
151,UA_Kyi_16_44,44,UA,Ukraine,Kyiv (Vyshneve),2016/08/04,2016,8,4,50.3834,30.3682,176.4,S,80,Iryna Kozerestka,0.231481481,0.038121547,0.04249668,0.017850325,0.06656666,0.103588355,-0.0773954,-0.0334815,0.00283257,3,73.7,74.2,73.9,74.2,74.1,37.3
152,UA_Kyi_16_45,45,UA,Ukraine,Kyiv (Vyshneve),2016/10/03,2016,10,3,50.38,30.36,176,F,80,Iryna Kozerestka,0.290973872,0.043340671,0.056302521,0.041021862,0.075242718,0.139337531,-0.0710082,-0.0418985,0.00830812,3,58.1,58.4,58.3,58.4,58.8,29.5
153,UA_Ode_16_46,46,UA,Ukraine,Odesa,2016/08/20,2016,8,20,46.44,30.77,45,S,80,Iryna Kozerestka,0.144456887,0.027462257,0.00870322,0.01410061,0.050596659,0.09277177,-0.100501,-0.00710922,0.0697013,3,56.2,57.2,56.5,56.9,55.0,28.7
154,UA_Ode_16_47,47,UA,Ukraine,Odesa,2016/09/15,2016,9,15,46.44155556,30.77169444,11.1,S,80,Iryna Kozerestka,0.193771626,0.018358679,0.059555556,0.028612821,0.027616616,0.061185468,-0.104972,-0.00984685,0.0517829,3,60.1,60.4,60.3,60.5,59.8,30.4
155,UA_Pyr_16_48,48,UA,Ukraine,Pyriatyn,2016/09/03,2016,9,3,51.4,30.05416645,113,S,80,Iryna Kozerestka,0.313504823,0.016785871,0.049206349,0.014394138,0.0968849,0.132829714,-0.0683235,-0.0446634,0.00713812,3,50.5,54.7,51.0,54.0,40.3,24.2
156,UA_Pyr_16_49,49,UA,Ukraine,Pyryatyn,2016/09/23,2016,9,23,50.53752,32.51880556,170.6,S,80,Iryna Kozerestka,0.25648415,0.030969987,0.055737705,0.026140284,0.068925062,0.096471791,-0.0799106,-0.0282988,0.0154175,3,93.6,94.3,93.8,94.4,91.3,47.3
157,UA_Uma_16_50,50,UA,Ukraine,Uman,2016/09/17,2016,9,17,48.75,30.2,175,S,80,Iryna Kozerestka,0.15374677,0.023569571,0.106044539,0.011232634,0.065217391,0.139844257,-0.103266,-0.0333053,0.0551538,3,49.1,49.5,49.2,49.5,49.9,25.0
158,UA_Uma_16_51,51,UA,Ukraine,Uman K,2016/09/11,2016,9,11,48.76,30.17,211,S,80,Iryna Kozerestka,0.159118727,0.021004022,0.095878136,0.020636943,0.089775561,0.234124629,-0.0896447,-0.047081,0.0430724,3,55.7,56.3,55.8,56.2,55.2,28.3
159,TR_Yes_16_52,52,TR,Turkey,Yesiloz TR18,2016/10/13,2016,10,13,40.231444,32.260328,704,F,80,Banu Onder,0.146853147,0.032179285,0.113945578,0.014034644,0.026258206,0.02266858,0.0164081,-0.00291083,-0.134387,4,55.8,56.8,55.9,56.6,53.5,28.3
160,UK_Mar_16_53,53,UK,United Kingdom,Market Harborough,2016/10/23,2016,10,23,52.46,-0.959,105,F,80,Eran Tauber,0.123628383,0.016246404,0.01249321,0.007012623,0.000141263,0.027366609,0.068921,0.0492461,0.0061601,1,97.7,97.7,97.8,98.2,95.7,49.1
161,UA_Cho_16_54,54,UA,Ukraine,Chornobyl Applegarden,2016/09/04,2016,9,4,51.27,30.21,129,S,80,Iryna Kozerestka,0.249576988,0.022203777,0.000650195,0.032609683,0.060304143,0.154292825,-0.0762353,-0.0452207,0.0159193,3,77.3,77.8,77.9,77.9,78.7,39.2
162,UA_Cho_16_55,55,UA,Ukraine,Chornobyl (Cooling pond),2016/09/05,2016,9,5,51.37,30.13,111,S,80,Iryna Kozerestka,0.244186047,0.024106759,0.035237587,0.02321614,0.018228382,0.153181189,-0.0745494,-0.0407808,0.00580639,3,94.5,95.3,94.9,95.3,95.8,47.9
163,UA_Dro_16_56,56,UA,Ukraine,Drogobych,2016/09/12,2016,9,12,49.32991667,23.50280556,310.9,S,80,Iryna Kozerestka,0.186608123,0.013520408,0.101158301,0.011390285,0.01558779,0.117456359,-0.0860801,-0.00234843,0.0353047,3,63.7,64.7,64.0,64.6,62.5,32.3
164,UA_Kan_16_57,57,UA,Ukraine,Kaniv,2016/07/08,2016,7,8,49.72,31.53,208,S,80,Iryna Kozerestka,0.166383701,0.016634933,0.068965517,0.026898734,0.068117978,0.045143087,-0.0922792,-0.0185486,0.0176624,3,80.9,81.7,81.2,81.7,79.9,41.0
165,UA_Kha_16_58,58,UA,Ukraine,Kharkiv,2016/08/18,2016,8,18,49.81852778,36.05475,104.3,S,80,Iryna Kozerestka,0.171987642,0.044188045,0.100965108,0.017024028,0.080587618,0.033349681,-0.0826628,-0.00633811,0.0120339,3,66.3,67.5,66.5,67.2,64.6,33.6
166,UA_Kyi_16_59,59,UA,Ukraine,Kyiv (Vyshneve),2016/08/06,2016,8,6,50.38,30.36,176,S,80,Iryna Kozerestka,0.171670516,0.054002842,0.034042553,0.017906787,0.072970361,0.121812511,-0.0783077,-0.029716,0.0149316,3,85.7,87.0,85.9,86.6,83.2,43.5
167,UA_Var_16_60,60,UA,Ukraine,Varva,2016/08/26,2016,8,26,50.48469444,32.71425,130.7,S,80,Iryna Kozerestka,0.18877551,0.021798365,0.043859649,0.017313171,0.082662145,0.046054269,-0.0860952,-0.0224915,0.0197604,3,64.9,65.7,65.0,65.6,63.9,32.9
168,UA_Yal_16_61,61,UA,Ukraine,Yalta,2016/08/20,2016,8,20,44.5015,34.1661,47.6,S,80,Iryna Kozerestka,0.083003953,0.031271879,0.015471167,0.013642291,0.013690476,0.008305648,-0.0816976,0.0301591,0.0404853,3,69.7,70.4,70.0,70.5,69.5,35.4
169,UA_Cho_16_62,62,UA,Ukraine,Chornobyl Yaniv,2016/09/04,2016,9,4,51.38691667,30.07330556,108.8,S,80,Iryna Kozerestka,0.366222222,0.011512463,0.025623736,0.027998902,0.0475,0.110878661,-0.0655874,-0.0392686,-0.00960883,3,76.6,77.4,77.1,77.5,76.7,39.1