SRR2396819,SRR2396819
SRR2396820,SRR2396820
SRR2396821,SRR2396821
SRR2396822,SRR2396822
SRR2396823,SRR2396823
SRR2396824,SRR2396824
SRR2396825,SRR2396825
SRR2396826,SRR2396826
SRR2396827,SRR2396827
SRR2396828,SRR2396828
SRR2396829,SRR2396829
SRR2396830,SRR2396830
SRR2396831,SRR2396831
SRR2396832,SRR2396832
SRR2396833,SRR2396833
SRR2396834,SRR2396834
SRR2396835,SRR2396835
SRR2396836,SRR2396836
SRR2396837,SRR2396837
SRR2396838,SRR2396838
SRR2396839,SRR2396839
SRR2396840,SRR2396840
SRR2396841,SRR2396841
SRR2396842,SRR2396842
SRR2396843,SRR2396843
SRR2396844,SRR2396844
SRR2396845,SRR2396845
SRR2396846,SRR2396846
SRR2396847,SRR2396847
SRR2396848,SRR2396848
SRR2396849,SRR2396849
SRR2396850,SRR2396850
SRR2396851,SRR2396851
SRR2396852,SRR2396852
SRR2396853,SRR2396853
SRR2396854,SRR2396854
SRR2396855,SRR2396855
SRR2396856,SRR2396856
SRR2396857,SRR2396857
SRR2396858,SRR2396858
SRR2396859,SRR2396859
SRR2396860,SRR2396860
SRR2396861,SRR2396861
SRR2396862,SRR2396862
SRR2396863,SRR2396863
SRR2396864,SRR2396864
SRR2396865,SRR2396865
SRR2396866,SRR2396866
SRR2396867,SRR2396867
SRR2396868,SRR2396868
SRR2396869,SRR2396869
SRR2396870,SRR2396870
SRR2396871,SRR2396871
SRR2396872,SRR2396872
SRR2396873,SRR2396873
SRR2396874,SRR2396874
SRR2396875,SRR2396875
SRR2396876,SRR2396876
SRR2396877,SRR2396877
SRR2396878,SRR2396878
SRR2396879,SRR2396879
SRR2396880,SRR2396880
SRR2396881,SRR2396881
SRR2396882,SRR2396882
SRR2396883,SRR2396883
SRR2396884,SRR2396884
SRR2396885,SRR2396885
SRR2396886,SRR2396886
SRR2396887,SRR2396887
SRR2396888,SRR2396888
SRR2396889,SRR2396889
SRR2396890,SRR2396890
SRR2396891,SRR2396891
SRR2396892,SRR2396892
SRR2396893,SRR2396893
SRR2396894,SRR2396894
SRR2396895,SRR2396895
SRR2396896,SRR2396896
SRR2396897,SRR2396897
SRR2396898,SRR2396898
SRR2396899,SRR2396899
SRR2396900,SRR2396900
SRR2396901,SRR2396901
SRR2396902,SRR2396902
SRR2396903,SRR2396903
SRR2396904,SRR2396904
SRR2396905,SRR2396905
SRR2396906,SRR2396906
SRR2396907,SRR2396907
SRR2396908,SRR2396908
SRR2396909,SRR2396909
SRR2396910,SRR2396910
SRR2396911,SRR2396911
SRR2396912,SRR2396912
SRR2396913,SRR2396913
SRR2396914,SRR2396914
SRR2396915,SRR2396915
SRR2396916,SRR2396916
SRR2396917,SRR2396917
SRR2396918,SRR2396918
SRR2396919,SRR2396919
SRR2396920,SRR2396920
SRR2396921,SRR2396921
SRR2396922,SRR2396922
SRR2396923,SRR2396923
SRR2396924,SRR2396924
SRR2396925,SRR2396925
SRR2396926,SRR2396926
SRR2396927,SRR2396927
SRR2396928,SRR2396928
SRR2396929,SRR2396929
SRR2396930,SRR2396930
SRR2396931,SRR2396931
SRR2396932,SRR2396932
SRR2396933,SRR2396933
SRR2396934,SRR2396934
SRR2396935,SRR2396935
SRR2396936,SRR2396936
SRR2396937,SRR2396937
SRR2396938,SRR2396938
SRR2396939,SRR2396939
SRR2396940,SRR2396940
SRR2396941,SRR2396941
SRR2396942,SRR2396942
SRR2396943,SRR2396943
SRR2396944,SRR2396944
SRR2396945,SRR2396945
SRR2396946,SRR2396946
SRR2396947,SRR2396947
SRR2396948,SRR2396948
SRR2396949,SRR2396949
SRR2396950,SRR2396950
SRR2396951,SRR2396951
SRR2396952,SRR2396952
SRR2396953,SRR2396953
SRR2396954,SRR2396954
SRR2396955,SRR2396955
SRR2396956,SRR2396956
SRR2396957,SRR2396957
SRR2396958,SRR2396958
SRR2396959,SRR2396959
SRR2396960,SRR2396960
SRR2396961,SRR2396961
SRR2396962,SRR2396962
SRR2396963,SRR2396963
SRR2396964,SRR2396964
SRR2396965,SRR2396965
SRR2396966,SRR2396966
SRR2396967,SRR2396967
SRR2396968,SRR2396968
SRR2396969,SRR2396969
SRR2396970,SRR2396970
SRR2396971,SRR2396971
SRR2396972,SRR2396972
SRR2396973,SRR2396973
SRR2396974,SRR2396974
SRR2396975,SRR2396975
SRR2396976,SRR2396976
SRR2396977,SRR2396977
SRR2396978,SRR2396978
SRR2396979,SRR2396979
SRR2396980,SRR2396980
SRR2396981,SRR2396981
SRR2396982,SRR2396982
SRR2396983,SRR2396983
SRR2396984,SRR2396984
SRR2396985,SRR2396985
SRR2396986,SRR2396986
SRR2396987,SRR2396987
SRR2396988,SRR2396988
SRR2396989,SRR2396989
SRR2396990,SRR2396990
SRR2396991,SRR2396991
SRR2396992,SRR2396992
SRR2396993,SRR2396993
SRR2396994,SRR2396994
SRR2396995,SRR2396995
SRR2396996,SRR2396996
SRR2396997,SRR2396997
SRR2396998,SRR2396998
SRR2396999,SRR2396999
SRR2397000,SRR2397000
SRR2397001,SRR2397001
SRR2397002,SRR2397002
SRR2397003,SRR2397003
SRR2397004,SRR2397004
SRR2397005,SRR2397005
SRR2397006,SRR2397006
SRR2397007,SRR2397007
SRR2397008,SRR2397008
SRR2397009,SRR2397009
SRR2397010,SRR2397010
SRR2397011,SRR2397011
SRR2397012,SRR2397012
SRR2397013,SRR2397013
SRR2397014,SRR2397014
SRR2397016,SRR2397016
SRR2397017,SRR2397017
SRR2397018,SRR2397018
SRR2397019,SRR2397019
SRR2397020,SRR2397020
SRR2397021,SRR2397021
SRR2397022,SRR2397022
SRR2397023,SRR2397023
SRR2397024,SRR2397024
SRR2397025,SRR2397025
SRR2397026,SRR2397026
SRR2397027,SRR2397027
SRR2397028,SRR2397028
SRR2397029,SRR2397029
SRR2397030,SRR2397030
SRR2397031,SRR2397031
SRR2397032,SRR2397032
SRR2397033,SRR2397033
SRR2397034,SRR2397034
SRR2397035,SRR2397035
SRR2397036,SRR2397036
SRR2397037,SRR2397037
SRR2397038,SRR2397038
SRR2397039,SRR2397039
SRR2397040,SRR2397040
SRR2397041,SRR2397041
SRR2397042,SRR2397042
SRR2397043,SRR2397043
SRR2397044,SRR2397044
SRR2397045,SRR2397045
SRR2397046,SRR2397046
SRR2397047,SRR2397047
SRR2397048,SRR2397048
SRR2397049,SRR2397049
SRR2397050,SRR2397050
SRR2397051,SRR2397051
SRR2397052,SRR2397052
SRR2397053,SRR2397053
SRR2397054,SRR2397054
SRR2397055,SRR2397055
SRR2397056,SRR2397056
SRR2397057,SRR2397057
SRR2397058,SRR2397058
SRR2397059,SRR2397059
SRR2397060,SRR2397060
SRR2397061,SRR2397061
SRR2397062,SRR2397062
SRR2397063,SRR2397063
SRR2397064,SRR2397064
SRR2397065,SRR2397065
SRR2397066,SRR2397066
SRR2397067,SRR2397067
SRR2397068,SRR2397068
SRR2397069,SRR2397069
SRR2397070,SRR2397070
SRR2397071,SRR2397071
SRR2397072,SRR2397072
SRR2397073,SRR2397073
SRR2397074,SRR2397074
SRR2397075,SRR2397075
SRR2397076,SRR2397076
SRR2397077,SRR2397077
SRR2397078,SRR2397078
SRR2397079,SRR2397079
SRR2397080,SRR2397080
SRR2397081,SRR2397081
SRR2397082,SRR2397082
SRR2397083,SRR2397083
SRR2397084,SRR2397084
SRR2397085,SRR2397085
SRR2397086,SRR2397086
SRR2397087,SRR2397087
SRR2397088,SRR2397088
SRR2859090,SRR2859090
SRR2859091,SRR2859091
SRR2859092,SRR2859092
SRR2859093,SRR2859093
SRR2859094,SRR2859094
SRR2859095,SRR2859095
SRR2859096,SRR2859096
SRR2859097,SRR2859097
SRR2859098,SRR2859098
SRR2859099,SRR2859099
SRR2859100,SRR2859100
SRR2859101,SRR2859101
SRR2859102,SRR2859102
SRR2859103,SRR2859103
SRR2859104,SRR2859104
SRR2859105,SRR2859105
SRR2859106,SRR2859106
SRR2859107,SRR2859107
SRR2859108,SRR2859108
SRR2859109,SRR2859109
SRR2859110,SRR2859110
SRR2859111,SRR2859111
SRR2859112,SRR2859112
SRR2859113,SRR2859113
SRR2859114,SRR2859114
SRR2859115,SRR2859115
SRR2859116,SRR2859116
SRR2859117,SRR2859117
SRR2859118,SRR2859118
SRR2859119,SRR2859119
SRR2859120,SRR2859120
SRR2859121,SRR2859121
SRR2859122,SRR2859122
SRR2859123,SRR2859123
SRR2859124,SRR2859124
SRR2859125,SRR2859125
SRR2859126,SRR2859126
SRR2859127,SRR2859127
SRR2859128,SRR2859128
SRR2859129,SRR2859129
SRR2859130,SRR2859130
SRR2859131,SRR2859131
SRR2859132,SRR2859132
SRR2859133,SRR2859133
SRR2859134,SRR2859134
SRR2859135,SRR2859135
SRR2859136,SRR2859136
SRR2859137,SRR2859137
SRR2859138,SRR2859138
SRR2859139,SRR2859139
SRR2859140,SRR2859140
SRR2859141,SRR2859141
SRR2859142,SRR2859142
SRR2859143,SRR2859143
SRR2859144,SRR2859144
SRR2859145,SRR2859145
SRR2859146,SRR2859146
SRR2859147,SRR2859147
SRR2859148,SRR2859148
SRR2859149,SRR2859149
SRR2859150,SRR2859150
SRR2859151,SRR2859151
SRR2859152,SRR2859152
SRR2859153,SRR2859153
SRR2859154,SRR2859154
SRR2859155,SRR2859155
SRR2859156,SRR2859156
SRR2859157,SRR2859157
SRR2859158,SRR2859158
SRR2859159,SRR2859159
SRR2859160,SRR2859160
SRR2859161,SRR2859161
SRR2859162,SRR2859162
SRR2859163,SRR2859163
SRR2859164,SRR2859164
SRR2859165,SRR2859165
SRR2859166,SRR2859166
SRR2859167,SRR2859167
SRR2859168,SRR2859168
SRR2859169,SRR2859169
SRR2859170,SRR2859170
SRR2859171,SRR2859171
SRR2859172,SRR2859172
SRR2859173,SRR2859173
SRR2859174,SRR2859174
SRR2859175,SRR2859175
SRR2859176,SRR2859176
SRR2859177,SRR2859177
SRR2859178,SRR2859178
SRR2859179,SRR2859179
SRR2859180,SRR2859180
SRR2859181,SRR2859181
SRR2859182,SRR2859182
SRR2859183,SRR2859183
SRR2859184,SRR2859184
SRR2859185,SRR2859185
SRR2859186,SRR2859186
SRR2859187,SRR2859187
SRR2859188,SRR2859188
SRR2859189,SRR2859189
SRR2859190,SRR2859190
SRR2859191,SRR2859191
SRR2859192,SRR2859192
SRR2859193,SRR2859193
SRR2859194,SRR2859194
SRR2859195,SRR2859195
SRR2859196,SRR2859196
SRR2859197,SRR2859197
SRR2859198,SRR2859198
SRR2859199,SRR2859199
SRR2859200,SRR2859200
SRR2859201,SRR2859201
SRR2859202,SRR2859202
SRR2859203,SRR2859203
SRR2859204,SRR2859204
SRR2859205,SRR2859205
SRR2859206,SRR2859206
SRR2859207,SRR2859207
SRR2859208,SRR2859208
SRR2859209,SRR2859209
SRR2859210,SRR2859210
SRR2859211,SRR2859211
SRR2859212,SRR2859212
SRR2859213,SRR2859213
SRR2859214,SRR2859214
SRR2859215,SRR2859215
SRR2859216,SRR2859216
SRR2859217,SRR2859217
SRR2859218,SRR2859218
SRR2859219,SRR2859219
SRR2859220,SRR2859220
SRR2859221,SRR2859221
SRR2859222,SRR2859222
SRR2859223,SRR2859223
SRR2859224,SRR2859224
SRR2859225,SRR2859225
SRR2859226,SRR2859226
SRR2859227,SRR2859227
SRR2859228,SRR2859228
SRR2859229,SRR2859229
SRR2859230,SRR2859230
SRR2859231,SRR2859231
SRR2859232,SRR2859232
SRR2859233,SRR2859233
SRR2859234,SRR2859234
SRR2859235,SRR2859235
SRR2859236,SRR2859236
SRR2859237,SRR2859237
SRR2859238,SRR2859238
SRR2859239,SRR2859239
SRR2859240,SRR2859240
SRR2859241,SRR2859241
SRR2859242,SRR2859242
SRR2859243,SRR2859243
SRR2859244,SRR2859244
SRR2859245,SRR2859245
SRR2859246,SRR2859246
SRR2859247,SRR2859247
SRR2859248,SRR2859248
SRR2859249,SRR2859249
SRR2859250,SRR2859250
SRR2859251,SRR2859251
SRR2859252,SRR2859252
SRR2859253,SRR2859253
SRR2859254,SRR2859254
SRR2859255,SRR2859255
SRR2859256,SRR2859256
SRR2859257,SRR2859257
SRR2859258,SRR2859258
SRR2859259,SRR2859259
SRR2859260,SRR2859260
SRR2859261,SRR2859261
SRR2859262,SRR2859262
SRR2859263,SRR2859263
SRR2859264,SRR2859264
SRR2859265,SRR2859265
SRR2859266,SRR2859266
SRR2859267,SRR2859267
SRR2859268,SRR2859268
SRR2859269,SRR2859269
SRR2859270,SRR2859270
SRR2859271,SRR2859271
SRR2859272,SRR2859272
SRR2859273,SRR2859273
SRR2859274,SRR2859274
SRR2859275,SRR2859275
SRR2859276,SRR2859276
SRR2859277,SRR2859277
SRR2859278,SRR2859278
SRR2859279,SRR2859279
SRR2859280,SRR2859280
SRR2859281,SRR2859281
SRR2859282,SRR2859282
SRR2859283,SRR2859283
SRR2859284,SRR2859284
SRR2859285,SRR2859285
SRR2859286,SRR2859286
SRR2859287,SRR2859287
SRR2859288,SRR2859288
SRR2859289,SRR2859289
SRR2859290,SRR2859290
SRR2859291,SRR2859291
SRR2859292,SRR2859292
SRR2859293,SRR2859293
SRR2859294,SRR2859294
SRR2859295,SRR2859295
SRR2859296,SRR2859296
SRR2859297,SRR2859297
SRR2859298,SRR2859298
SRR2859299,SRR2859299
SRR2859300,SRR2859300
SRR2859301,SRR2859301
SRR2859302,SRR2859302
SRR2859303,SRR2859303
SRR2859304,SRR2859304
SRR2859305,SRR2859305
SRR2859306,SRR2859306
SRR2859307,SRR2859307
SRR2859308,SRR2859308
SRR2859309,SRR2859309
SRR2859310,SRR2859310
SRR2859311,SRR2859311
SRR2859312,SRR2859312
SRR2859313,SRR2859313
SRR2859314,SRR2859314
SRR2859315,SRR2859315
SRR2859316,SRR2859316
SRR2859317,SRR2859317
SRR2859318,SRR2859318
SRR2859319,SRR2859319
SRR2859320,SRR2859320
SRR2859321,SRR2859321
SRR2859322,SRR2859322
SRR2859323,SRR2859323
SRR2859324,SRR2859324
SRR2859325,SRR2859325
SRR2859326,SRR2859326
SRR2859327,SRR2859327
SRR2859328,SRR2859328
SRR2859329,SRR2859329
SRR2859330,SRR2859330
SRR2859331,SRR2859331
SRR2859332,SRR2859332
SRR2859333,SRR2859333
SRR2859334,SRR2859334
SRR2859335,SRR2859335
SRR2859336,SRR2859336
SRR2859337,SRR2859337
SRR2859338,SRR2859338
SRR2859339,SRR2859339
SRR2859340,SRR2859340
SRR2859341,SRR2859341
SRR2859342,SRR2859342
SRR2859343,SRR2859343
SRR2859344,SRR2859344
SRR2859345,SRR2859345
SRR2859346,SRR2859346
SRR2859347,SRR2859347
SRR2859348,SRR2859348
SRR2859349,SRR2859349
SRR2859350,SRR2859350
SRR2859351,SRR2859351
SRR2859352,SRR2859352
SRR2859353,SRR2859353
SRR2859354,SRR2859354
SRR2859355,SRR2859355
SRR2859356,SRR2859356
SRR2859357,SRR2859357
SRR2859358,SRR2859358